1,Vestibulum rutrum rutrum neque. Aenean auctor gravida sem.,46,1
2,Vivamus tortor.,2,2
3,In quis justo. Maecenas rhoncus aliquam lacus.,24,3
4,Ut tellus. Nulla ut erat id mauris vulputate elementum.,11,4
5,Nulla facilisi. Cras non velit nec nisi vulputate nonummy.,48,5
6,Vestibulum sed magna at nunc commodo placerat. Praesent blandit.,80,6
7,Vestibulum sed magna at nunc commodo placerat. Praesent blandit.,14,7
8,"Duis at velit eu est congue elementum. In hac habitasse platea dictumst. Morbi vestibulum, velit id pretium iaculis, diam erat fermentum justo, nec condimentum neque sapien placerat ante.",92,8
9,"Vestibulum quam sapien, varius ut, blandit non, interdum in, ante.",69,9
10,Pellentesque ultrices mattis odio. Donec vitae nisi.,59,10
11,Cras in purus eu magna vulputate luctus.,93,11
12,Nulla tellus.,54,12
13,Pellentesque viverra pede ac diam.,52,13
14,Vestibulum sed magna at nunc commodo placerat.,29,14
15,"Morbi sem mauris, laoreet ut, rhoncus aliquet, pulvinar sed, nisl.",8,15
16,"Morbi vestibulum, velit id pretium iaculis, diam erat fermentum justo, nec condimentum neque sapien placerat ante. Nulla justo.",6,16
17,Nulla nisl. Nunc nisl.,51,17
18,Nullam varius.,17,18
19,Morbi non quam nec dui luctus rutrum. Nulla tellus. In sagittis dui vel nisl.,41,19
20,Sed vel enim sit amet nunc viverra dapibus. Nulla suscipit ligula in lacus.,89,20
21,Etiam faucibus cursus urna.,92,21
22,"Morbi vestibulum, velit id pretium iaculis, diam erat fermentum justo, nec condimentum neque sapien placerat ante. Nulla justo.",52,22
23,"Maecenas tristique, est et tempus semper, est quam pharetra magna, ac consequat metus sapien ut nunc. Vestibulum ante ipsum primis in faucibus orci luctus et ultrices posuere cubilia Curae; Mauris viverra diam vitae quam. Suspendisse potenti.",14,23
24,In hac habitasse platea dictumst. Maecenas ut massa quis augue luctus tincidunt.,59,24
25,Suspendisse potenti. Nullam porttitor lacus at turpis.,78,25
26,Phasellus sit amet erat. Nulla tempus. Vivamus in felis eu sapien cursus vestibulum.,69,26
27,In hac habitasse platea dictumst. Etiam faucibus cursus urna. Ut tellus.,41,27
28,Proin risus. Praesent lectus.,54,28
29,"Integer pede justo, lacinia eget, tincidunt eget, tempus vel, pede. Morbi porttitor lorem id ligula. Suspendisse ornare consequat lectus.",4,29
30,Duis consequat dui nec nisi volutpat eleifend. Donec ut dolor.,82,30
31,"Fusce lacus purus, aliquet at, feugiat non, pretium quis, lectus. Suspendisse potenti.",57,31
32,Integer ac neque. Duis bibendum. Morbi non quam nec dui luctus rutrum.,32,32
33,Donec vitae nisi.,29,33
34,Vestibulum ante ipsum primis in faucibus orci luctus et ultrices posuere cubilia Curae; Nulla dapibus dolor vel est.,47,34
35,"Lorem ipsum dolor sit amet, consectetuer adipiscing elit.",77,35
36,Etiam pretium iaculis justo. In hac habitasse platea dictumst. Etiam faucibus cursus urna.,94,36
37,Praesent blandit lacinia erat.,46,37
38,"In est risus, auctor sed, tristique in, tempus sit amet, sem. Fusce consequat.",69,38
39,Duis mattis egestas metus.,27,39
40,Aliquam non mauris.,94,40
41,Ut at dolor quis odio consequat varius.,25,41
42,Integer tincidunt ante vel ipsum.,36,42
43,Nullam sit amet turpis elementum ligula vehicula consequat. Morbi a ipsum.,9,43
44,Maecenas tincidunt lacus at velit.,54,44
45,In hac habitasse platea dictumst.,83,45
46,"Lorem ipsum dolor sit amet, consectetuer adipiscing elit.",93,46
47,"Morbi non lectus. Aliquam sit amet diam in magna bibendum imperdiet. Nullam orci pede, venenatis non, sodales sed, tincidunt eu, felis.",60,47
48,Etiam justo.,77,48
49,Vestibulum ante ipsum primis in faucibus orci luctus et ultrices posuere cubilia Curae; Duis faucibus accumsan odio. Curabitur convallis. Duis consequat dui nec nisi volutpat eleifend.,11,49
50,"Vestibulum ante ipsum primis in faucibus orci luctus et ultrices posuere cubilia Curae; Nulla dapibus dolor vel est. Donec odio justo, sollicitudin ut, suscipit a, feugiat et, eros. Vestibulum ac est lacinia nisi venenatis tristique.",35,50
51,In hac habitasse platea dictumst. Maecenas ut massa quis augue luctus tincidunt.,26,51
52,"Aliquam sit amet diam in magna bibendum imperdiet. Nullam orci pede, venenatis non, sodales sed, tincidunt eu, felis.",50,52
53,Aliquam quis turpis eget elit sodales scelerisque.,32,53
54,Suspendisse potenti. Cras in purus eu magna vulputate luctus.,16,54
55,Donec ut dolor. Morbi vel lectus in quam fringilla rhoncus.,56,55
56,Duis aliquam convallis nunc. Proin at turpis a pede posuere nonummy. Integer non velit.,69,56
57,Curabitur gravida nisi at nibh.,52,57
58,In hac habitasse platea dictumst.,9,58
59,Aliquam quis turpis eget elit sodales scelerisque.,76,59
60,Vestibulum ante ipsum primis in faucibus orci luctus et ultrices posuere cubilia Curae; Duis faucibus accumsan odio. Curabitur convallis.,23,60
61,"In sagittis dui vel nisl. Duis ac nibh. Fusce lacus purus, aliquet at, feugiat non, pretium quis, lectus.",83,61
62,Donec posuere metus vitae ipsum.,42,62
63,Donec semper sapien a libero.,49,63
64,Sed ante.,39,64
65,Pellentesque ultrices mattis odio. Donec vitae nisi.,14,65
66,Nullam molestie nibh in lectus. Pellentesque at nulla.,12,66
67,"Vestibulum ac est lacinia nisi venenatis tristique. Fusce congue, diam id ornare imperdiet, sapien urna pretium nisl, ut volutpat sapien arcu sed augue.",93,67
68,"Fusce congue, diam id ornare imperdiet, sapien urna pretium nisl, ut volutpat sapien arcu sed augue.",88,68
69,Maecenas ut massa quis augue luctus tincidunt. Nulla mollis molestie lorem.,69,69
70,Nunc purus. Phasellus in felis.,82,70
71,Nam tristique tortor eu pede.,27,71
72,Duis aliquam convallis nunc. Proin at turpis a pede posuere nonummy.,37,72
73,Donec posuere metus vitae ipsum. Aliquam non mauris. Morbi non lectus.,72,73
74,Quisque ut erat.,12,74
75,"Integer pede justo, lacinia eget, tincidunt eget, tempus vel, pede.",29,75
76,Nunc purus. Phasellus in felis.,13,76
77,"Lorem ipsum dolor sit amet, consectetuer adipiscing elit. Proin interdum mauris non ligula pellentesque ultrices.",25,77
78,Aliquam erat volutpat. In congue. Etiam justo.,11,78
79,"Nam ultrices, libero non mattis pulvinar, nulla pede ullamcorper augue, a suscipit nulla elit ac nulla. Sed vel enim sit amet nunc viverra dapibus. Nulla suscipit ligula in lacus.",65,79
80,Phasellus in felis.,76,80
81,Maecenas rhoncus aliquam lacus. Morbi quis tortor id nulla ultrices aliquet.,46,81
82,"Duis ac nibh. Fusce lacus purus, aliquet at, feugiat non, pretium quis, lectus. Suspendisse potenti.",87,82
83,Vestibulum ante ipsum primis in faucibus orci luctus et ultrices posuere cubilia Curae; Mauris viverra diam vitae quam.,45,83
84,Nullam porttitor lacus at turpis. Donec posuere metus vitae ipsum.,75,84
85,"Mauris ullamcorper purus sit amet nulla. Quisque arcu libero, rutrum ac, lobortis vel, dapibus at, diam. Nam tristique tortor eu pede.",85,85
86,Donec posuere metus vitae ipsum. Aliquam non mauris.,18,86
87,Praesent blandit lacinia erat.,77,87
88,Nulla justo. Aliquam quis turpis eget elit sodales scelerisque.,4,88
89,Nulla nisl. Nunc nisl.,83,89
90,Curabitur convallis. Duis consequat dui nec nisi volutpat eleifend.,34,90
91,Aenean auctor gravida sem.,50,91
92,"Proin interdum mauris non ligula pellentesque ultrices. Phasellus id sapien in sapien iaculis congue. Vivamus metus arcu, adipiscing molestie, hendrerit at, vulputate vitae, nisl.",19,92
93,"Cum sociis natoque penatibus et magnis dis parturient montes, nascetur ridiculus mus. Vivamus vestibulum sagittis sapien. Cum sociis natoque penatibus et magnis dis parturient montes, nascetur ridiculus mus.",28,93
94,"Morbi vel lectus in quam fringilla rhoncus. Mauris enim leo, rhoncus sed, vestibulum sit amet, cursus id, turpis. Integer aliquet, massa id lobortis convallis, tortor risus dapibus augue, vel accumsan tellus nisi eu orci.",59,94
95,Praesent id massa id nisl venenatis lacinia. Aenean sit amet justo. Morbi ut odio.,87,95
96,"Cum sociis natoque penatibus et magnis dis parturient montes, nascetur ridiculus mus. Vivamus vestibulum sagittis sapien.",38,96
97,"Nam ultrices, libero non mattis pulvinar, nulla pede ullamcorper augue, a suscipit nulla elit ac nulla. Sed vel enim sit amet nunc viverra dapibus.",37,97
98,In hac habitasse platea dictumst. Maecenas ut massa quis augue luctus tincidunt.,65,98
99,Duis bibendum.,66,99
100,Nullam porttitor lacus at turpis.,1,100
