1,bblack0,bblack0@nasa.gov,I5ATNsMu,Brandon Black
2,erose1,erose1@java.com,1reC0w6LO2pc,Evelyn Rose
3,tgriffin2,tgriffin2@unicef.org,twWo7KOfmqu8,Tammy Griffin
4,cwilliams3,cwilliams3@sciencedaily.com,7x0lWtgKtdk,Cynthia Williams
5,jgarrett4,jgarrett4@washington.edu,kJ2wrYX,Joan Garrett
6,dperez5,dperez5@ft.com,Sc2PpXcDuR,Dennis Perez
7,acarr6,acarr6@seattletimes.com,IClFetF,Andrea Carr
8,hross7,hross7@yandex.ru,W8ublY,Harold Ross
9,rturner8,rturner8@blog.com,Zxj0WpPmx8,Roy Turner
10,ghowell9,ghowell9@mysql.com,h6UF0ysq,Gerald Howell
11,achapmana,achapmana@zdnet.com,TVdfZr,Anna Chapman
12,lwilliamsb,lwilliamsb@upenn.edu,h6h6415hXW,Larry Williams
13,cjacksonc,cjacksonc@foxnews.com,8FDj5seffop2,Catherine Jackson
14,dmarshalld,dmarshalld@qq.com,jIUh8U,Doris Marshall
15,wperrye,wperrye@wikispaces.com,68GqBWO,Wanda Perry
16,flongf,flongf@soup.io,wJihwlTSI,Fred Long
17,rcooperg,rcooperg@goodreads.com,TTKuoH9Jt7h,Richard Cooper
18,wgrayh,wgrayh@wsj.com,bhcwKgZ8HM,Walter Gray
19,dricei,dricei@wsj.com,mAyAqZThs,Diana Rice
20,jrichardsonj,jrichardsonj@addthis.com,8S3fm9KpfS7W,Joe Richardson
21,hharrisk,hharrisk@yale.edu,AHPcJ4sH4uK,Heather Harris
22,dstephensl,dstephensl@themeforest.net,j6AT8P73pL8,Doris Stephens
23,hberrym,hberrym@google.com.hk,KtnWs7GQy,Heather Berry
24,gbradleyn,gbradleyn@hubpages.com,QfB1hY5t,George Bradley
25,slyncho,slyncho@nasa.gov,fP10PTTGjL,Steve Lynch
26,eparkerp,eparkerp@paginegialle.it,yhT1w1AO,Earl Parker
27,chillq,chillq@ebay.com,SCwJGM,Carlos Hill
28,lwalkerr,lwalkerr@house.gov,UHfMX6s,Lois Walker
29,gjenkinss,gjenkinss@spotify.com,noAe43lMZc,Gerald Jenkins
30,dricet,dricet@time.com,JK4iC7IpMwO,Deborah Rice
31,eroseu,eroseu@paypal.com,9jMAePE,Elizabeth Rose
32,sdixonv,sdixonv@google.it,mZr36dpSN,Scott Dixon
33,cfordw,cfordw@friendfeed.com,MMED2U,Carl Ford
34,bbowmanx,bbowmanx@gmpg.org,7OJFMyoy,Brandon Bowman
35,pgonzalezy,pgonzalezy@ameblo.jp,FxvVdZ7,Patricia Gonzalez
36,pburkez,pburkez@rambler.ru,F9ieNo6kv,Patricia Burke
37,jcampbell10,jcampbell10@ning.com,OSVxOP7,Jesse Campbell
38,awatkins11,awatkins11@yandex.ru,jcR8as,Amanda Watkins
39,wellis12,wellis12@bbc.co.uk,xp5GSH,Wayne Ellis
40,sgreen13,sgreen13@biblegateway.com,52fq61fpP,Sandra Green
41,rbutler14,rbutler14@sfgate.com,yOaUM1,Ryan Butler
42,dedwards15,dedwards15@sina.com.cn,xPtNit47CT3l,Daniel Edwards
43,rmurray16,rmurray16@berkeley.edu,jofxFZPU,Robert Murray
44,dchavez17,dchavez17@bandcamp.com,Dw0zc3duGx,Denise Chavez
45,hkennedy18,hkennedy18@sfgate.com,shBiV8Z,Harry Kennedy
46,jgriffin19,jgriffin19@admin.ch,mK0JZ7XUU,Johnny Griffin
47,cburton1a,cburton1a@ihg.com,d8Gou7,Carlos Burton
48,pspencer1b,pspencer1b@odnoklassniki.ru,DupwpNj,Pamela Spencer
49,mrice1c,mrice1c@addtoany.com,90Q4AzB9xB,Martha Rice
50,mnelson1d,mnelson1d@csmonitor.com,J2iIzY9MPl8,Melissa Nelson
51,scampbell1e,scampbell1e@blogs.com,WDhWJzy3X,Susan Campbell
52,jhunt1f,jhunt1f@nhs.uk,ELA73hvRvesc,Jeremy Hunt
53,psanders1g,psanders1g@yellowbook.com,4PKckga,Phyllis Sanders
54,lbaker1h,lbaker1h@soundcloud.com,kFAoGVKbya8,Lois Baker
55,fgraham1i,fgraham1i@nyu.edu,uZ10xiGUfsO,Fred Graham
56,gweaver1j,gweaver1j@salon.com,2EVSyb,Gloria Weaver
57,cwoods1k,cwoods1k@examiner.com,Fi5v00AYd,Carol Woods
58,emurray1l,emurray1l@artisteer.com,6lJY2Qp8s4I,Elizabeth Murray
59,eedwards1m,eedwards1m@exblog.jp,T8BlWew,Eugene Edwards
60,sjacobs1n,sjacobs1n@wikipedia.org,IaNzwU9Do2Bx,Samuel Jacobs
61,eevans1o,eevans1o@list-manage.com,yRkeWTWcECXZ,Eugene Evans
62,abryant1p,abryant1p@google.co.jp,Jp4QZFL96cO,Albert Bryant
63,cperry1q,cperry1q@ftc.gov,lDnd2MZQIi,Christina Perry
64,kchapman1r,kchapman1r@goodreads.com,70tAjE1V8T,Keith Chapman
65,nramos1s,nramos1s@adobe.com,eVEFjwfCCK2g,Nicole Ramos
66,dgonzalez1t,dgonzalez1t@mysql.com,OToB3Tz,Donna Gonzalez
67,gsims1u,gsims1u@tinypic.com,Sl9CjTY,Gary Sims
68,aedwards1v,aedwards1v@skyrock.com,3mfMWSbzUic,Alice Edwards
69,mlittle1w,mlittle1w@mysql.com,g2buTmo,Mark Little
70,kcook1x,kcook1x@hao123.com,kKK58kV,Kathleen Cook
71,ahayes1y,ahayes1y@istockphoto.com,ZPpXp4H606sy,Antonio Hayes
72,walvarez1z,walvarez1z@engadget.com,LAWhQxcD,Wanda Alvarez
73,fmurray20,fmurray20@timesonline.co.uk,XjnlPDcN,Frank Murray
74,rmorales21,rmorales21@google.com.au,cuieIiZmT,Robert Morales
75,rfox22,rfox22@alexa.com,bBLnQsX5zr,Rebecca Fox
76,jcarroll23,jcarroll23@163.com,8kCjjQh1,Justin Carroll
77,bbanks24,bbanks24@cnbc.com,KNdwAGFARXk,Brian Banks
78,lwallace25,lwallace25@tinypic.com,SkAfZmbvR0uy,Lillian Wallace
79,sfox26,sfox26@umn.edu,dJ2UmRKkor,Shirley Fox
80,ccole27,ccole27@indiegogo.com,Hr9N89YlZ,Christina Cole
81,rscott28,rscott28@ihg.com,qamwrS,Rebecca Scott
82,rgibson29,rgibson29@sphinn.com,LhpZjmbv4M5,Randy Gibson
83,njacobs2a,njacobs2a@icio.us,WBNga17xWG,Norma Jacobs
84,droberts2b,droberts2b@technorati.com,vVwWMgVVNS8P,Diane Roberts
85,mrodriguez2c,mrodriguez2c@facebook.com,wUOvgI0,Michael Rodriguez
86,kjohnston2d,kjohnston2d@redcross.org,gFvAAdNmFv9,Kathryn Johnston
87,jfields2e,jfields2e@dailymotion.com,2kQ22ZMp6,Jane Fields
88,shawkins2f,shawkins2f@patch.com,iA0bTDMoq,Steve Hawkins
89,bclark2g,bclark2g@last.fm,s49GqQbpbX5,Brandon Clark
90,srodriguez2h,srodriguez2h@phpbb.com,o6ndwowjvui,Steven Rodriguez
91,agutierrez2i,agutierrez2i@blogspot.com,f3MSt7M,Andrea Gutierrez
92,astewart2j,astewart2j@github.com,Ly27IHcwX2N,Arthur Stewart
93,afisher2k,afisher2k@timesonline.co.uk,0uqL1subv,Adam Fisher
94,mortiz2l,mortiz2l@seesaa.net,1CiQmE,Maria Ortiz
95,dthompson2m,dthompson2m@qq.com,JKx40L4Y,Debra Thompson
96,nparker2n,nparker2n@ibm.com,9it7wbt,Norma Parker
97,bhenry2o,bhenry2o@friendfeed.com,hnXLRh,Bobby Henry
98,emartinez2p,emartinez2p@live.com,XZm2TGEk,Eugene Martinez
99,rgrant2q,rgrant2q@sciencedirect.com,HtZZorWIrhLd,Ruth Grant
100,lfranklin2r,lfranklin2r@creativecommons.org,HRqJUTl3qmQ3,Lawrence Franklin
